{
     "space_name": "Earth_and_Moon_simulation",
     "size": 600,
     "scale": 5.755726948313572e-07,
     "central_object": {
          "mass": 5.972e+24,
          "diameter": 12756000.0
     },
     "orbital_objects": [
          {
               "mass": 7.34e+22,
               "position": [
                    81712299.14862143,
                    -430508118.3941771
               ],
               "velocity": [
                    888.9679917054932,
                    128.89417735096725
               ]
          }
     ]
}