{
      "name": "Earth_and_Moon_simulation",
      "size": 600,
      "scale": 5.755726948313572e-07,
      "central_object": {
            "mass": 5.972e+24,
            "diameter": 12756000.0
      },
      "orbital_objects": [
            {
                  "id": 1,
                  "mass": 7.34e+22,
                  "position": [
                        -252780523.40536666,
                        -354381695.2314607
                  ],
                  "velocity": [
                        718.6339766875294,
                        -548.1808812791054
                  ],
                  "color": [
                        144,
                        93,
                        72
                  ]
            }
      ],
      "collisions": []
}