{
     "space_name": "Sun_and_Earth",
     "size": 1000,
     "scale": 3e-09,
     "central_object": {
          "mass": 1.989e+30,
          "diameter": 60.0
     },
     "orbital_objects": [
          {
               "mass": 5.972e+24,
               "position": [
                    149598479860.19434,
                    102911153.98573065
               ],
               "velocity": [
                    -20.499066102720064,
                    29780.28850681445
               ]
          }
     ]
}